dosya_adi;klasor;karakter_sayisi;kelime_sayisi
FM01.md;matematik-fizik_cleaned;21362;2677
FM02.md;matematik-fizik_cleaned;19892;2763
FM03.md;matematik-fizik_cleaned;17930;3161
FM04.md;matematik-fizik_cleaned;13293;2912
FM05.md;matematik-fizik_cleaned;13584;2247
FM06.md;matematik-fizik_cleaned;11861;2428
FM07.md;matematik-fizik_cleaned;28261;3353
FM08.md;matematik-fizik_cleaned;15325;2132
FM09.md;matematik-fizik_cleaned;22800;3228
FM10.md;matematik-fizik_cleaned;34393;5223
FM11.md;matematik-fizik_cleaned;23946;3153
FM12.md;matematik-fizik_cleaned;18112;2468
FM13.md;matematik-fizik_cleaned;10697;2459
FM14.md;matematik-fizik_cleaned;14764;2617
FM15.md;matematik-fizik_cleaned;19519;2820
FM16.md;matematik-fizik_cleaned;24154;3992
FM17.md;matematik-fizik_cleaned;20592;3896
FM18.md;matematik-fizik_cleaned;19339;3093
FM19.md;matematik-fizik_cleaned;12551;2130
FM20.md;matematik-fizik_cleaned;15072;2689
FM21.md;matematik-fizik_cleaned;13583;2247
FM22.md;matematik-fizik_cleaned;13292;2912
FM23.md;matematik-fizik_cleaned;23787;3051
FM24.md;matematik-fizik_cleaned;20472;2742
FM26.md;matematik-fizik_cleaned;22851;2805
FM27.md;matematik-fizik_cleaned;21406;3020
FM28.md;matematik-fizik_cleaned;24920;3061
FM29.md;matematik-fizik_cleaned;24679;3215
FM30.md;matematik-fizik_cleaned;38831;4747
FM31.md;matematik-fizik_cleaned;27867;3311
FM32.md;matematik-fizik_cleaned;17875;2425
FM33.md;matematik-fizik_cleaned;10966;1351
FM34.md;matematik-fizik_cleaned;27330;3486
FM35.md;matematik-fizik_cleaned;17196;2593
FM36.md;matematik-fizik_cleaned;26788;5522
FM37.md;matematik-fizik_cleaned;13553;1725
FM38.md;matematik-fizik_cleaned;12370;1607
FM40.md;matematik-fizik_cleaned;23360;2973
FM41.md;matematik-fizik_cleaned;19290;2545
FM42.md;matematik-fizik_cleaned;15487;2006
FM43.md;matematik-fizik_cleaned;15767;2016
FM44.md;matematik-fizik_cleaned;32500;3957
FM45.md;matematik-fizik_cleaned;23921;2942
FM46.md;matematik-fizik_cleaned;17644;2089
FM47.md;matematik-fizik_cleaned;33936;3789
FM48.md;matematik-fizik_cleaned;48006;5665
FM49.md;matematik-fizik_cleaned;19888;2619
FM50.md;matematik-fizik_cleaned;40806;4741
m01.md;ml-ai_cleaned;15773;1937
m02.md;ml-ai_cleaned;25081;3176
m03.md;ml-ai_cleaned;64519;8311
m04.md;ml-ai_cleaned;14192;1768
m05.md;ml-ai_cleaned;16232;2078
m06.md;ml-ai_cleaned;36215;4639
m07.md;ml-ai_cleaned;14778;1814
m08.md;ml-ai_cleaned;28537;3638
m09.md;ml-ai_cleaned;11877;1415
m10.md;ml-ai_cleaned;31145;3802
m11.md;ml-ai_cleaned;31089;3555
m12.md;ml-ai_cleaned;14714;1806
m13.md;ml-ai_cleaned;23810;3082
m14.md;ml-ai_cleaned;34472;4299
m15.md;ml-ai_cleaned;18819;2281
m16.md;ml-ai_cleaned;24165;3064
m17.md;ml-ai_cleaned;44167;5482
m18.md;ml-ai_cleaned;26137;3296
m19.md;ml-ai_cleaned;15857;2041
m20.md;ml-ai_cleaned;19846;2492
m21.md;ml-ai_cleaned;46686;5853
m22.md;ml-ai_cleaned;39658;4904
m23.md;ml-ai_cleaned;57347;7384
m24.md;ml-ai_cleaned;76117;9311
m25.md;ml-ai_cleaned;18896;2340
m26.md;ml-ai_cleaned;43581;5522
m27.md;ml-ai_cleaned;51132;6454
m28.md;ml-ai_cleaned;16411;2051
m29.md;ml-ai_cleaned;43518;5326
m30.md;ml-ai_cleaned;15482;1901
m31.md;ml-ai_cleaned;27959;3462
m32.md;ml-ai_cleaned;20393;2555
m33.md;ml-ai_cleaned;17533;2117
m34.md;ml-ai_cleaned;25714;3143
m35.md;ml-ai_cleaned;32806;4293
m36.md;ml-ai_cleaned;26915;3369
m37.md;ml-ai_cleaned;18815;2174
m38.md;ml-ai_cleaned;56222;7018
m39.md;ml-ai_cleaned;23989;2960
m40.md;ml-ai_cleaned;12189;1472
m41.md;ml-ai_cleaned;62796;7985
m42.md;ml-ai_cleaned;54402;6750
m43.md;ml-ai_cleaned;26645;3420
m44.md;ml-ai_cleaned;19842;2492
m45.md;ml-ai_cleaned;23643;3035
m46.md;ml-ai_cleaned;13113;1721
m47.md;ml-ai_cleaned;37646;4877
m48.md;ml-ai_cleaned;10580;1272
m49.md;ml-ai_cleaned;45477;5810
m50.md;ml-ai_cleaned;25816;3246
s01.md;sosyal_bilimler_cleaned;30280;3732
s02.md;sosyal_bilimler_cleaned;27399;3330
s03.md;sosyal_bilimler_cleaned;57660;7098
s04.md;sosyal_bilimler_cleaned;48492;6165
s05.md;sosyal_bilimler_cleaned;58625;6978
s06.md;sosyal_bilimler_cleaned;32378;3970
s07.md;sosyal_bilimler_cleaned;70740;8804
s08.md;sosyal_bilimler_cleaned;50908;6253
s09.md;sosyal_bilimler_cleaned;58462;7073
s10.md;sosyal_bilimler_cleaned;56468;7059
s11.md;sosyal_bilimler_cleaned;36848;4538
s12.md;sosyal_bilimler_cleaned;41953;5165
s13.md;sosyal_bilimler_cleaned;24122;2965
s14.md;sosyal_bilimler_cleaned;21911;2636
s15.md;sosyal_bilimler_cleaned;57085;7072
s16.md;sosyal_bilimler_cleaned;28761;3441
s17.md;sosyal_bilimler_cleaned;17089;2126
s18.md;sosyal_bilimler_cleaned;60720;7376
s19.md;sosyal_bilimler_cleaned;69959;8612
s20.md;sosyal_bilimler_cleaned;49061;6130
s21.md;sosyal_bilimler_cleaned;37855;4435
s22.md;sosyal_bilimler_cleaned;49264;5898
s23.md;sosyal_bilimler_cleaned;67435;8167
s24.md;sosyal_bilimler_cleaned;26717;3227
s25.md;sosyal_bilimler_cleaned;33998;4133
s26.md;sosyal_bilimler_cleaned;18688;2355
s27.md;sosyal_bilimler_cleaned;71672;8600
s28.md;sosyal_bilimler_cleaned;43345;5284
s29.md;sosyal_bilimler_cleaned;21441;2757
s30.md;sosyal_bilimler_cleaned;25033;3026
s31.md;sosyal_bilimler_cleaned;32833;4121
s32.md;sosyal_bilimler_cleaned;26230;3123
s33.md;sosyal_bilimler_cleaned;26800;3173
s34.md;sosyal_bilimler_cleaned;65922;8129
s35.md;sosyal_bilimler_cleaned;25563;3180
s36.md;sosyal_bilimler_cleaned;24690;3079
s37.md;sosyal_bilimler_cleaned;16362;2245
s38.md;sosyal_bilimler_cleaned;16255;1966
s39.md;sosyal_bilimler_cleaned;36600;4443
s40.md;sosyal_bilimler_cleaned;70937;8786
SOS01.md;sosyal_toplum_bilimleri_cleaned;41076;5198
SOS02.md;sosyal_toplum_bilimleri_cleaned;41330;4915
SOS03.md;sosyal_toplum_bilimleri_cleaned;37867;4646
SOS04.md;sosyal_toplum_bilimleri_cleaned;55822;7403
SOS05.md;sosyal_toplum_bilimleri_cleaned;47023;5575
SOS06.md;sosyal_toplum_bilimleri_cleaned;44651;5045
SOS07.md;sosyal_toplum_bilimleri_cleaned;41663;5488
SOS08.md;sosyal_toplum_bilimleri_cleaned;86785;10415
SOS09.md;sosyal_toplum_bilimleri_cleaned;36747;4659
SOS10.md;sosyal_toplum_bilimleri_cleaned;25453;2783
SOS11.md;sosyal_toplum_bilimleri_cleaned;29641;3339
SOS12.md;sosyal_toplum_bilimleri_cleaned;52377;6112
SOS13.md;sosyal_toplum_bilimleri_cleaned;56611;7025
SOS14.md;sosyal_toplum_bilimleri_cleaned;60215;7455
SOS16.md;sosyal_toplum_bilimleri_cleaned;78967;9215
SOS17.md;sosyal_toplum_bilimleri_cleaned;83730;9833
SOS18.md;sosyal_toplum_bilimleri_cleaned;49337;5727
SOS19.md;sosyal_toplum_bilimleri_cleaned;55076;6105
SOS20.md;sosyal_toplum_bilimleri_cleaned;47816;5749
SOS21.md;sosyal_toplum_bilimleri_cleaned;59198;7465
SOS22.md;sosyal_toplum_bilimleri_cleaned;48364;5933
SOS23.md;sosyal_toplum_bilimleri_cleaned;58827;6226
SOS24.md;sosyal_toplum_bilimleri_cleaned;35244;3885
SOS25.md;sosyal_toplum_bilimleri_cleaned;49271;5668
SOS26.md;sosyal_toplum_bilimleri_cleaned;100770;11349
SOS27.md;sosyal_toplum_bilimleri_cleaned;51275;5010
SOS28.md;sosyal_toplum_bilimleri_cleaned;57055;6527
SOS30.md;sosyal_toplum_bilimleri_cleaned;67060;7565
SOS31.md;sosyal_toplum_bilimleri_cleaned;41916;4888
SOS32.md;sosyal_toplum_bilimleri_cleaned;76104;8634
SOS33.md;sosyal_toplum_bilimleri_cleaned;34328;4035
SOS34.md;sosyal_toplum_bilimleri_cleaned;49863;5791
SOS35.md;sosyal_toplum_bilimleri_cleaned;87017;10573
SOS36.md;sosyal_toplum_bilimleri_cleaned;57928;6653
SOS37.md;sosyal_toplum_bilimleri_cleaned;62373;6707
SOS38.md;sosyal_toplum_bilimleri_cleaned;29604;3482
SOS39.md;sosyal_toplum_bilimleri_cleaned;60195;6276
SOS40.md;sosyal_toplum_bilimleri_cleaned;84765;10800
SOS41.md;sosyal_toplum_bilimleri_cleaned;42330;4932
SOS42.md;sosyal_toplum_bilimleri_cleaned;46983;5856
SOS43.md;sosyal_toplum_bilimleri_cleaned;51501;6158
SOS45.md;sosyal_toplum_bilimleri_cleaned;76190;9381
SOS46.md;sosyal_toplum_bilimleri_cleaned;69904;8558
SOS47.md;sosyal_toplum_bilimleri_cleaned;22729;2639
SOS48.md;sosyal_toplum_bilimleri_cleaned;38138;4676
SOS49.md;sosyal_toplum_bilimleri_cleaned;47235;5619
SOS50.md;sosyal_toplum_bilimleri_cleaned;52321;6033
t01.md;tip_cleaned;10225;1318
t02.md;tip_cleaned;34421;4190
t03.md;tip_cleaned;30085;3666
t04.md;tip_cleaned;14928;1935
t05.md;tip_cleaned;12791;1555
t06.md;tip_cleaned;13443;1777
t07.md;tip_cleaned;37755;4500
t08.md;tip_cleaned;10763;1421
t09.md;tip_cleaned;55749;6539
t10.md;tip_cleaned;14854;1849
t11.md;tip_cleaned;15442;1905
t12.md;tip_cleaned;12451;1540
t13.md;tip_cleaned;15270;1913
t14.md;tip_cleaned;9381;1184
t15.md;tip_cleaned;20509;2641
t16.md;tip_cleaned;9791;1254
t17.md;tip_cleaned;15858;1896
t18.md;tip_cleaned;13188;1681
t19.md;tip_cleaned;30476;3874
t20.md;tip_cleaned;11766;1358
t21.md;tip_cleaned;15551;1875
t22.md;tip_cleaned;18465;2262
t23.md;tip_cleaned;24099;3071
t24.md;tip_cleaned;19386;2505
t25.md;tip_cleaned;15731;1959
t26.md;tip_cleaned;18897;2403
t27.md;tip_cleaned;13501;1715
t28.md;tip_cleaned;32337;4316
t29.md;tip_cleaned;30766;3626
t30.md;tip_cleaned;9495;1102
t31.md;tip_cleaned;5643;675
t32.md;tip_cleaned;12053;1562
t33.md;tip_cleaned;16687;2021
t34.md;tip_cleaned;27190;3220
t35.md;tip_cleaned;10266;1305
t36.md;tip_cleaned;29558;3722
t37.md;tip_cleaned;11259;1485
t38.md;tip_cleaned;44627;5494
t39.md;tip_cleaned;8405;1080
t40.md;tip_cleaned;14464;1791
t41.md;tip_cleaned;13821;1693
t42.md;tip_cleaned;40474;4895
t43.md;tip_cleaned;22460;2692
t44.md;tip_cleaned;18051;2343
t45.md;tip_cleaned;37533;4386
t46.md;tip_cleaned;33165;3998
t47.md;tip_cleaned;12058;1414
t48.md;tip_cleaned;18318;2300
t49.md;tip_cleaned;16859;2026
t50.md;tip_cleaned;14931;1798
