kategori;orijinal_pdf_yolu;hedef_txt_yolu;sayfa_sayisi;karakter_sayisi
ml-ai;data\raw\ml-ai\m01.pdf;data\processed\stage1_extracted\ml-ai\m01.txt;6;21245
ml-ai;data\raw\ml-ai\m02.pdf;data\processed\stage1_extracted\ml-ai\m02.txt;13;34313
ml-ai;data\raw\ml-ai\m03.pdf;data\processed\stage1_extracted\ml-ai\m03.txt;19;72384
ml-ai;data\raw\ml-ai\m04.pdf;data\processed\stage1_extracted\ml-ai\m04.txt;9;22404
ml-ai;data\raw\ml-ai\m05.pdf;data\processed\stage1_extracted\ml-ai\m05.txt;8;20679
ml-ai;data\raw\ml-ai\m06.pdf;data\processed\stage1_extracted\ml-ai\m06.txt;16;56872
ml-ai;data\raw\ml-ai\m07.pdf;data\processed\stage1_extracted\ml-ai\m07.txt;6;19960
ml-ai;data\raw\ml-ai\m08.pdf;data\processed\stage1_extracted\ml-ai\m08.txt;14;50662
ml-ai;data\raw\ml-ai\m09.pdf;data\processed\stage1_extracted\ml-ai\m09.txt;6;18016
ml-ai;data\raw\ml-ai\m10.pdf;data\processed\stage1_extracted\ml-ai\m10.txt;12;44383
ml-ai;data\raw\ml-ai\m11.pdf;data\processed\stage1_extracted\ml-ai\m11.txt;11;43493
ml-ai;data\raw\ml-ai\m12.pdf;data\processed\stage1_extracted\ml-ai\m12.txt;4;20878
ml-ai;data\raw\ml-ai\m13.pdf;data\processed\stage1_extracted\ml-ai\m13.txt;9;34119
ml-ai;data\raw\ml-ai\m14.pdf;data\processed\stage1_extracted\ml-ai\m14.txt;11;56039
ml-ai;data\raw\ml-ai\m15.pdf;data\processed\stage1_extracted\ml-ai\m15.txt;4;24795
ml-ai;data\raw\ml-ai\m16.pdf;data\processed\stage1_extracted\ml-ai\m16.txt;11;34224
ml-ai;data\raw\ml-ai\m17.pdf;data\processed\stage1_extracted\ml-ai\m17.txt;15;63062
ml-ai;data\raw\ml-ai\m18.pdf;data\processed\stage1_extracted\ml-ai\m18.txt;24;51076
ml-ai;data\raw\ml-ai\m19.pdf;data\processed\stage1_extracted\ml-ai\m19.txt;16;92672
ml-ai;data\raw\ml-ai\m20.pdf;data\processed\stage1_extracted\ml-ai\m20.txt;16;92672
ml-ai;data\raw\ml-ai\m21.pdf;data\processed\stage1_extracted\ml-ai\m21.txt;24;63519
ml-ai;data\raw\ml-ai\m22.pdf;data\processed\stage1_extracted\ml-ai\m22.txt;11;38981
ml-ai;data\raw\ml-ai\m23.pdf;data\processed\stage1_extracted\ml-ai\m23.txt;31;88577
ml-ai;data\raw\ml-ai\m24.pdf;data\processed\stage1_extracted\ml-ai\m24.txt;39;117029
ml-ai;data\raw\ml-ai\m25.pdf;data\processed\stage1_extracted\ml-ai\m25.txt;7;31082
ml-ai;data\raw\ml-ai\m26.pdf;data\processed\stage1_extracted\ml-ai\m26.txt;10;45993
ml-ai;data\raw\ml-ai\m27.pdf;data\processed\stage1_extracted\ml-ai\m27.txt;20;66571
ml-ai;data\raw\ml-ai\m28.pdf;data\processed\stage1_extracted\ml-ai\m28.txt;6;23289
ml-ai;data\raw\ml-ai\m29.pdf;data\processed\stage1_extracted\ml-ai\m29.txt;15;69125
ml-ai;data\raw\ml-ai\m30.pdf;data\processed\stage1_extracted\ml-ai\m30.txt;6;23507
ml-ai;data\raw\ml-ai\m31.pdf;data\processed\stage1_extracted\ml-ai\m31.txt;15;40293
ml-ai;data\raw\ml-ai\m32.pdf;data\processed\stage1_extracted\ml-ai\m32.txt;11;32293
ml-ai;data\raw\ml-ai\m33.pdf;data\processed\stage1_extracted\ml-ai\m33.txt;15;62052
ml-ai;data\raw\ml-ai\m34.pdf;data\processed\stage1_extracted\ml-ai\m34.txt;18;34241
ml-ai;data\raw\ml-ai\m35.pdf;data\processed\stage1_extracted\ml-ai\m35.txt;19;52060
ml-ai;data\raw\ml-ai\m36.pdf;data\processed\stage1_extracted\ml-ai\m36.txt;22;41169
ml-ai;data\raw\ml-ai\m37.pdf;data\processed\stage1_extracted\ml-ai\m37.txt;6;28140
ml-ai;data\raw\ml-ai\m38.pdf;data\processed\stage1_extracted\ml-ai\m38.txt;25;92573
ml-ai;data\raw\ml-ai\m39.pdf;data\processed\stage1_extracted\ml-ai\m39.txt;6;39580
ml-ai;data\raw\ml-ai\m40.pdf;data\processed\stage1_extracted\ml-ai\m40.txt;6;21116
ml-ai;data\raw\ml-ai\m41.pdf;data\processed\stage1_extracted\ml-ai\m41.txt;14;87141
ml-ai;data\raw\ml-ai\m42.pdf;data\processed\stage1_extracted\ml-ai\m42.txt;17;71706
ml-ai;data\raw\ml-ai\m43.pdf;data\processed\stage1_extracted\ml-ai\m43.txt;15;41531
ml-ai;data\raw\ml-ai\m44.pdf;data\processed\stage1_extracted\ml-ai\m44.txt;6;27454
ml-ai;data\raw\ml-ai\m45.pdf;data\processed\stage1_extracted\ml-ai\m45.txt;11;32138
ml-ai;data\raw\ml-ai\m46.pdf;data\processed\stage1_extracted\ml-ai\m46.txt;8;22622
ml-ai;data\raw\ml-ai\m47.pdf;data\processed\stage1_extracted\ml-ai\m47.txt;23;46641
ml-ai;data\raw\ml-ai\m48.pdf;data\processed\stage1_extracted\ml-ai\m48.txt;11;17296
ml-ai;data\raw\ml-ai\m49.pdf;data\processed\stage1_extracted\ml-ai\m49.txt;22;54151
ml-ai;data\raw\ml-ai\m50.pdf;data\processed\stage1_extracted\ml-ai\m50.txt;9;39212
sosyal_bilimler;data\raw\sosyal_bilimler\s01.pdf;data\processed\stage1_extracted\sosyal_bilimler\s01.txt;12;36405
sosyal_bilimler;data\raw\sosyal_bilimler\s02.pdf;data\processed\stage1_extracted\sosyal_bilimler\s02.txt;14;32648
sosyal_bilimler;data\raw\sosyal_bilimler\s03.pdf;data\processed\stage1_extracted\sosyal_bilimler\s03.txt;27;70436
sosyal_bilimler;data\raw\sosyal_bilimler\s04.pdf;data\processed\stage1_extracted\sosyal_bilimler\s04.txt;16;53623
sosyal_bilimler;data\raw\sosyal_bilimler\s05.pdf;data\processed\stage1_extracted\sosyal_bilimler\s05.txt;22;64614
sosyal_bilimler;data\raw\sosyal_bilimler\s06.pdf;data\processed\stage1_extracted\sosyal_bilimler\s06.txt;24;57747
sosyal_bilimler;data\raw\sosyal_bilimler\s07.pdf;data\processed\stage1_extracted\sosyal_bilimler\s07.txt;8;21805
sosyal_bilimler;data\raw\sosyal_bilimler\s08.pdf;data\processed\stage1_extracted\sosyal_bilimler\s08.txt;14;35602
sosyal_bilimler;data\raw\sosyal_bilimler\s09.pdf;data\processed\stage1_extracted\sosyal_bilimler\s09.txt;16;42768
sosyal_bilimler;data\raw\sosyal_bilimler\s10.pdf;data\processed\stage1_extracted\sosyal_bilimler\s10.txt;26;75525
sosyal_bilimler;data\raw\sosyal_bilimler\s11.pdf;data\processed\stage1_extracted\sosyal_bilimler\s11.txt;16;56512
sosyal_bilimler;data\raw\sosyal_bilimler\s12.pdf;data\processed\stage1_extracted\sosyal_bilimler\s12.txt;32;98038
sosyal_bilimler;data\raw\sosyal_bilimler\s13.pdf;data\processed\stage1_extracted\sosyal_bilimler\s13.txt;28;64659
sosyal_bilimler;data\raw\sosyal_bilimler\s14.pdf;data\processed\stage1_extracted\sosyal_bilimler\s14.txt;19;44683
sosyal_bilimler;data\raw\sosyal_bilimler\s15.pdf;data\processed\stage1_extracted\sosyal_bilimler\s15.txt;15;54581
sosyal_bilimler;data\raw\sosyal_bilimler\s16.pdf;data\processed\stage1_extracted\sosyal_bilimler\s16.txt;10;32561
sosyal_bilimler;data\raw\sosyal_bilimler\s17.pdf;data\processed\stage1_extracted\sosyal_bilimler\s17.txt;8;29861
sosyal_bilimler;data\raw\sosyal_bilimler\s18.pdf;data\processed\stage1_extracted\sosyal_bilimler\s18.txt;20;70456
sosyal_bilimler;data\raw\sosyal_bilimler\s19.pdf;data\processed\stage1_extracted\sosyal_bilimler\s19.txt;19;48040
sosyal_bilimler;data\raw\sosyal_bilimler\s20.pdf;data\processed\stage1_extracted\sosyal_bilimler\s20.txt;10;40778
sosyal_bilimler;data\raw\sosyal_bilimler\s21.pdf;data\processed\stage1_extracted\sosyal_bilimler\s21.txt;23;60940
sosyal_bilimler;data\raw\sosyal_bilimler\s22.pdf;data\processed\stage1_extracted\sosyal_bilimler\s22.txt;7;25392
sosyal_bilimler;data\raw\sosyal_bilimler\s23.pdf;data\processed\stage1_extracted\sosyal_bilimler\s23.txt;28;74246
sosyal_bilimler;data\raw\sosyal_bilimler\s24.pdf;data\processed\stage1_extracted\sosyal_bilimler\s24.txt;20;80108
sosyal_bilimler;data\raw\sosyal_bilimler\s25.pdf;data\processed\stage1_extracted\sosyal_bilimler\s25.txt;31;78557
sosyal_bilimler;data\raw\sosyal_bilimler\s26.pdf;data\processed\stage1_extracted\sosyal_bilimler\s26.txt;12;44508
sosyal_bilimler;data\raw\sosyal_bilimler\s27.pdf;data\processed\stage1_extracted\sosyal_bilimler\s27.txt;18;56374
sosyal_bilimler;data\raw\sosyal_bilimler\s28.pdf;data\processed\stage1_extracted\sosyal_bilimler\s28.txt;23;84091
sosyal_bilimler;data\raw\sosyal_bilimler\s29.pdf;data\processed\stage1_extracted\sosyal_bilimler\s29.txt;33;80879
sosyal_bilimler;data\raw\sosyal_bilimler\s30.pdf;data\processed\stage1_extracted\sosyal_bilimler\s30.txt;8;32891
sosyal_bilimler;data\raw\sosyal_bilimler\s31.pdf;data\processed\stage1_extracted\sosyal_bilimler\s31.txt;23;42808
sosyal_bilimler;data\raw\sosyal_bilimler\s32.pdf;data\processed\stage1_extracted\sosyal_bilimler\s32.txt;14;36811
sosyal_bilimler;data\raw\sosyal_bilimler\s33.pdf;data\processed\stage1_extracted\sosyal_bilimler\s33.txt;28;85201
sosyal_bilimler;data\raw\sosyal_bilimler\s34.pdf;data\processed\stage1_extracted\sosyal_bilimler\s34.txt;21;70397
sosyal_bilimler;data\raw\sosyal_bilimler\s35.pdf;data\processed\stage1_extracted\sosyal_bilimler\s35.txt;16;48402
sosyal_bilimler;data\raw\sosyal_bilimler\s36.pdf;data\processed\stage1_extracted\sosyal_bilimler\s36.txt;15;29282
sosyal_bilimler;data\raw\sosyal_bilimler\s37.pdf;data\processed\stage1_extracted\sosyal_bilimler\s37.txt;9;40409
sosyal_bilimler;data\raw\sosyal_bilimler\s38.pdf;data\processed\stage1_extracted\sosyal_bilimler\s38.txt;23;47823
sosyal_bilimler;data\raw\sosyal_bilimler\s39.pdf;data\processed\stage1_extracted\sosyal_bilimler\s39.txt;18;54139
sosyal_bilimler;data\raw\sosyal_bilimler\s40.pdf;data\processed\stage1_extracted\sosyal_bilimler\s40.txt;11;41306
sosyal_bilimler;data\raw\sosyal_bilimler\s41.pdf;data\processed\stage1_extracted\sosyal_bilimler\s41.txt;39;99350
sosyal_bilimler;data\raw\sosyal_bilimler\s42.pdf;data\processed\stage1_extracted\sosyal_bilimler\s42.txt;16;35471
sosyal_bilimler;data\raw\sosyal_bilimler\s43.pdf;data\processed\stage1_extracted\sosyal_bilimler\s43.txt;26;68338
sosyal_bilimler;data\raw\sosyal_bilimler\s44.pdf;data\processed\stage1_extracted\sosyal_bilimler\s44.txt;21;37181
sosyal_bilimler;data\raw\sosyal_bilimler\s45.pdf;data\processed\stage1_extracted\sosyal_bilimler\s45.txt;5;17962
sosyal_bilimler;data\raw\sosyal_bilimler\s46.pdf;data\processed\stage1_extracted\sosyal_bilimler\s46.txt;11;26838
sosyal_bilimler;data\raw\sosyal_bilimler\s47.pdf;data\processed\stage1_extracted\sosyal_bilimler\s47.txt;24;55824
sosyal_bilimler;data\raw\sosyal_bilimler\s48.pdf;data\processed\stage1_extracted\sosyal_bilimler\s48.txt;36;107811
sosyal_bilimler;data\raw\sosyal_bilimler\s49.pdf;data\processed\stage1_extracted\sosyal_bilimler\s49.txt;14;48705
sosyal_bilimler;data\raw\sosyal_bilimler\s50.pdf;data\processed\stage1_extracted\sosyal_bilimler\s50.txt;5;14065
tip;data\raw\tip\t01.pdf;data\processed\stage1_extracted\tip\t01.txt;4;16101
tip;data\raw\tip\t02.pdf;data\processed\stage1_extracted\tip\t02.txt;10;47259
tip;data\raw\tip\t03.pdf;data\processed\stage1_extracted\tip\t03.txt;12;45724
tip;data\raw\tip\t04.pdf;data\processed\stage1_extracted\tip\t04.txt;7;33397
tip;data\raw\tip\t05.pdf;data\processed\stage1_extracted\tip\t05.txt;6;23176
tip;data\raw\tip\t06.pdf;data\processed\stage1_extracted\tip\t06.txt;16;58970
tip;data\raw\tip\t07.pdf;data\processed\stage1_extracted\tip\t07.txt;14;54721
tip;data\raw\tip\t08.pdf;data\processed\stage1_extracted\tip\t08.txt;24;60168
tip;data\raw\tip\t09.pdf;data\processed\stage1_extracted\tip\t09.txt;17;77938
tip;data\raw\tip\t10.pdf;data\processed\stage1_extracted\tip\t10.txt;7;22072
tip;data\raw\tip\t11.pdf;data\processed\stage1_extracted\tip\t11.txt;7;27385
tip;data\raw\tip\t12.pdf;data\processed\stage1_extracted\tip\t12.txt;5;21196
tip;data\raw\tip\t13.pdf;data\processed\stage1_extracted\tip\t13.txt;7;21573
tip;data\raw\tip\t14.pdf;data\processed\stage1_extracted\tip\t14.txt;8;18664
tip;data\raw\tip\t15.pdf;data\processed\stage1_extracted\tip\t15.txt;7;21014
tip;data\raw\tip\t16.pdf;data\processed\stage1_extracted\tip\t16.txt;5;15830
tip;data\raw\tip\t17.pdf;data\processed\stage1_extracted\tip\t17.txt;5;26738
tip;data\raw\tip\t18.pdf;data\processed\stage1_extracted\tip\t18.txt;6;22862
tip;data\raw\tip\t19.pdf;data\processed\stage1_extracted\tip\t19.txt;10;43546
tip;data\raw\tip\t20.pdf;data\processed\stage1_extracted\tip\t20.txt;4;17215
tip;data\raw\tip\t21.pdf;data\processed\stage1_extracted\tip\t21.txt;6;27679
tip;data\raw\tip\t22.pdf;data\processed\stage1_extracted\tip\t22.txt;8;30173
tip;data\raw\tip\t23.pdf;data\processed\stage1_extracted\tip\t23.txt;5;15761
tip;data\raw\tip\t24.pdf;data\processed\stage1_extracted\tip\t24.txt;4;17934
tip;data\raw\tip\t25.pdf;data\processed\stage1_extracted\tip\t25.txt;7;24754
tip;data\raw\tip\t26.pdf;data\processed\stage1_extracted\tip\t26.txt;6;27152
tip;data\raw\tip\t27.pdf;data\processed\stage1_extracted\tip\t27.txt;6;23498
tip;data\raw\tip\t28.pdf;data\processed\stage1_extracted\tip\t28.txt;9;40148
tip;data\raw\tip\t29.pdf;data\processed\stage1_extracted\tip\t29.txt;7;25022
tip;data\raw\tip\t30.pdf;data\processed\stage1_extracted\tip\t30.txt;4;13769
tip;data\raw\tip\t31.pdf;data\processed\stage1_extracted\tip\t31.txt;3;9867
tip;data\raw\tip\t32.pdf;data\processed\stage1_extracted\tip\t32.txt;6;19198
tip;data\raw\tip\t33.pdf;data\processed\stage1_extracted\tip\t33.txt;5;26129
tip;data\raw\tip\t34.pdf;data\processed\stage1_extracted\tip\t34.txt;10;34805
tip;data\raw\tip\t35.pdf;data\processed\stage1_extracted\tip\t35.txt;5;17847
tip;data\raw\tip\t36.pdf;data\processed\stage1_extracted\tip\t36.txt;3;13416
tip;data\raw\tip\t37.pdf;data\processed\stage1_extracted\tip\t37.txt;6;21531
tip;data\raw\tip\t38.pdf;data\processed\stage1_extracted\tip\t38.txt;4;18942
tip;data\raw\tip\t39.pdf;data\processed\stage1_extracted\tip\t39.txt;4;14214
tip;data\raw\tip\t40.pdf;data\processed\stage1_extracted\tip\t40.txt;5;22271
tip;data\raw\tip\t41.pdf;data\processed\stage1_extracted\tip\t41.txt;6;26078
tip;data\raw\tip\t42.pdf;data\processed\stage1_extracted\tip\t42.txt;12;48962
tip;data\raw\tip\t43.pdf;data\processed\stage1_extracted\tip\t43.txt;8;24789
tip;data\raw\tip\t44.pdf;data\processed\stage1_extracted\tip\t44.txt;8;27876
tip;data\raw\tip\t45.pdf;data\processed\stage1_extracted\tip\t45.txt;5;24257
tip;data\raw\tip\t46.pdf;data\processed\stage1_extracted\tip\t46.txt;11;55599
tip;data\raw\tip\t47.pdf;data\processed\stage1_extracted\tip\t47.txt;5;19985
tip;data\raw\tip\t48.pdf;data\processed\stage1_extracted\tip\t48.txt;10;25743
tip;data\raw\tip\t49.pdf;data\processed\stage1_extracted\tip\t49.txt;5;24513
tip;data\raw\tip\t50.pdf;data\processed\stage1_extracted\tip\t50.txt;8;24882
